id,first_name,last_name,email,gender,ip_address
1,Chip,Pummery,cpummery0@bing.com,Male,131.248.121.115
2,Nixie,Rudall,nrudall1@upenn.edu,Female,214.219.159.237
3,Iago,Lowne,ilowne2@unicef.org,Male,85.245.30.253
4,Tabina,Berni,tberni3@cloudflare.com,Female,110.164.185.205
5,Gabriello,Pindred,gpindred4@fotki.com,Male,135.62.162.69
6,Valdemar,Giacoppoli,vgiacoppoli5@people.com.cn,Male,251.79.110.135
7,Brig,Housbie,bhousbie6@hud.gov,Male,238.152.28.227
8,Michell,Grindle,mgrindle7@bbc.co.uk,Female,246.14.104.135
9,Rogerio,Amdohr,ramdohr8@wix.com,Male,212.3.113.36
10,Danila,Ankers,dankers9@gnu.org,Female,61.73.161.231
